4020,4040,4060,4080,4100,4120,4140,4160,4180,4200,4220,5020,5040,5060,5080,5100,5120,5140,5160,5180,5200,5220,6020,6040,6060,6080,6100,6120,6140,6160,6180,6200,6220
4019,4039,4059,4079,4099,4119,4139,4159,4179,4199,4219,5019,5039,5059,5079,5099,5119,5139,5159,5179,5199,5219,6019,6039,6059,6079,6099,6119,6139,6159,6179,6199,6219
4018,4038,4058,4078,4098,4118,4138,4158,4178,4198,4218,5018,5038,5058,5078,5098,5118,5138,5158,5178,5198,5218,6018,6038,6058,6078,6098,6118,6138,6158,6178,6198,6218
4017,4037,4057,4077,4097,4117,4137,4157,4177,4197,4217,5017,5037,5057,5077,5097,5117,5137,5157,5177,5197,5217,6017,6037,6057,6077,6097,6117,6137,6157,6177,6197,6217
4016,4036,4056,4076,4096,4116,4136,4156,4176,4196,4216,5016,5036,5056,5076,5096,5116,5136,5156,5176,5196,5216,6016,6036,6056,6076,6096,6116,6136,6156,6176,6196,6216
4015,4035,4055,4075,4095,4115,4135,4155,4175,4195,4215,5015,5035,5055,5075,5095,5115,5135,5155,5175,5195,5215,6015,6035,6055,6075,6095,6115,6135,6155,6175,6195,6215
4014,4034,4054,4074,4094,4114,4134,4154,4174,4194,4214,5014,5034,5054,5074,5094,5114,5134,5154,5174,5194,5214,6014,6034,6054,6074,6094,6114,6134,6154,6174,6194,6214
4013,4033,4053,4073,4093,4113,4133,4153,4173,4193,4213,5013,5033,5053,5073,5093,5113,5133,5153,5173,5193,5213,6013,6033,6053,6073,6093,6113,6133,6153,6173,6193,6213
4012,4032,4052,4072,4092,4112,4132,4152,4172,4192,4212,5012,5032,5052,5072,5092,5112,5132,5152,5172,5192,5212,6012,6032,6052,6072,6092,6112,6132,6152,6172,6192,6212
4011,4031,4051,4071,4091,4111,4131,4151,4171,4191,4211,5011,5031,5051,5071,5091,5111,5131,5151,5171,5191,5211,6011,6031,6051,6071,6091,6111,6131,6151,6171,6191,6211
4010,4030,4050,4070,4090,4110,4130,4150,4170,4190,4210,5010,5030,5050,5070,5090,5110,5130,5150,5170,5190,5210,6010,6030,6050,6070,6090,6110,6130,6150,6170,6190,6210
4009,4029,4049,4069,4089,4109,4129,4149,4169,4189,4209,5009,5029,5049,5069,5089,5109,5129,5149,5169,5189,5209,6009,6029,6049,6069,6089,6109,6129,6149,6169,6189,6209
4008,4028,4048,4068,4088,4108,4128,4148,4168,4188,4208,5008,5028,5048,5068,5088,5108,5128,5148,5168,5188,5208,6008,6028,6048,6068,6088,6108,6128,6148,6168,6188,6208
4007,4027,4047,4067,4087,4107,4127,4147,4167,4187,4207,5007,5027,5047,5067,5087,5107,5127,5147,5167,5187,5207,6007,6027,6047,6067,6087,6107,6127,6147,6167,6187,6207
4006,4026,4046,4066,4086,4106,4126,4146,4166,4186,4206,5006,5026,5046,5066,5086,5106,5126,5146,5166,5186,5206,6006,6026,6046,6066,6086,6106,6126,6146,6166,6186,6206
4005,4025,4045,4065,4085,4105,4125,4145,4165,4185,4205,5005,5025,5045,5065,5085,5105,5125,5145,5165,5185,5205,6005,6025,6045,6065,6085,6105,6125,6145,6165,6185,6205
4004,4024,4044,4064,4084,4104,4124,4144,4164,4184,4204,5004,5024,5044,5064,5084,5104,5124,5144,5164,5184,5204,6004,6024,6044,6064,6084,6104,6124,6144,6164,6184,6204
4003,4023,4043,4063,4083,4103,4123,4143,4163,4183,4203,5003,5023,5043,5063,5083,5103,5123,5143,5163,5183,5203,6003,6023,6043,6063,6083,6103,6123,6143,6163,6183,6203
4002,4022,4042,4062,4082,4102,4122,4142,4162,4182,4202,5002,5022,5042,5062,5082,5102,5122,5142,5162,5182,5202,6002,6022,6042,6062,6082,6102,6122,6142,6162,6182,6202
4001,4021,4041,4061,4081,4101,4121,4141,4161,4181,4201,5001,5021,5041,5061,5081,5101,5121,5141,5161,5181,5201,6001,6021,6041,6061,6081,6101,6121,6141,6161,6181,6201
1020,1040,1060,1080,1100,1120,1140,1160,1180,1200,1220,2020,2040,2060,2080,2100,2120,2140,2160,2180,2200,2220,3020,3040,3060,3080,3100,3120,3140,3160,3180,3200,3220
1019,1039,1059,1079,1099,1119,1139,1159,1179,1199,1219,2019,2039,2059,2079,2099,2119,2139,2159,2179,2199,2219,3019,3039,3059,3079,3099,3119,3139,3159,3179,3199,3219
1018,1038,1058,1078,1098,1118,1138,1158,1178,1198,1218,2018,2038,2058,2078,2098,2118,2138,2158,2178,2198,2218,3018,3038,3058,3078,3098,3118,3138,3158,3178,3198,3218
1017,1037,1057,1077,1097,1117,1137,1157,1177,1197,1217,2017,2037,2057,2077,2097,2117,2137,2157,2177,2197,2217,3017,3037,3057,3077,3097,3117,3137,3157,3177,3197,3217
1016,1036,1056,1076,1096,1116,1136,1156,1176,1196,1216,2016,2036,2056,2076,2096,2116,2136,2156,2176,2196,2216,3016,3036,3056,3076,3096,3116,3136,3156,3176,3196,3216
1015,1035,1055,1075,1095,1115,1135,1155,1175,1195,1215,2015,2035,2055,2075,2095,2115,2135,2155,2175,2195,2215,3015,3035,3055,3075,3095,3115,3135,3155,3175,3195,3215
1014,1034,1054,1074,1094,1114,1134,1154,1174,1194,1214,2014,2034,2054,2074,2094,2114,2134,2154,2174,2194,2214,3014,3034,3054,3074,3094,3114,3134,3154,3174,3194,3214
1013,1033,1053,1073,1093,1113,1133,1153,1173,1193,1213,2013,2033,2053,2073,2093,2113,2133,2153,2173,2193,2213,3013,3033,3053,3073,3093,3113,3133,3153,3173,3193,3213
1012,1032,1052,1072,1092,1112,1132,1152,1172,1192,1212,2012,2032,2052,2072,2092,2112,2132,2152,2172,2192,2212,3012,3032,3052,3072,3092,3112,3132,3152,3172,3192,3212
1011,1031,1051,1071,1091,1111,1131,1151,1171,1191,1211,2011,2031,2051,2071,2091,2111,2131,2151,2171,2191,2211,3011,3031,3051,3071,3091,3111,3131,3151,3171,3191,3211
1010,1030,1050,1070,1090,1110,1130,1150,1170,1190,1210,2010,2030,2050,2070,2090,2110,2130,2150,2170,2190,2210,3010,3030,3050,3070,3090,3110,3130,3150,3170,3190,3210
1009,1029,1049,1069,1089,1109,1129,1149,1169,1189,1209,2009,2029,2049,2069,2089,2109,2129,2149,2169,2189,2209,3009,3029,3049,3069,3089,3109,3129,3149,3169,3189,3209
1008,1028,1048,1068,1088,1108,1128,1148,1168,1188,1208,2008,2028,2048,2068,2088,2108,2128,2148,2168,2188,2208,3008,3028,3048,3068,3088,3108,3128,3148,3168,3188,3208
1007,1027,1047,1067,1087,1107,1127,1147,1167,1187,1207,2007,2027,2047,2067,2087,2107,2127,2147,2167,2187,2207,3007,3027,3047,3067,3087,3107,3127,3147,3167,3187,3207
1006,1026,1046,1066,1086,1106,1126,1146,1166,1186,1206,2006,2026,2046,2066,2086,2106,2126,2146,2166,2186,2206,3006,3026,3046,3066,3086,3106,3126,3146,3166,3186,3206
1005,1025,1045,1065,1085,1105,1125,1145,1165,1185,1205,2005,2025,2045,2065,2085,2105,2125,2145,2165,2185,2205,3005,3025,3045,3065,3085,3105,3125,3145,3165,3185,3205
1004,1024,1044,1064,1084,1104,1124,1144,1164,1184,1204,2004,2024,2044,2064,2084,2104,2124,2144,2164,2184,2204,3004,3024,3044,3064,3084,3104,3124,3144,3164,3184,3204
1003,1023,1043,1063,1083,1103,1123,1143,1163,1183,1203,2003,2023,2043,2063,2083,2103,2123,2143,2163,2183,2203,3003,3023,3043,3063,3083,3103,3123,3143,3163,3183,3203
1002,1022,1042,1062,1082,1102,1122,1142,1162,1182,1202,2002,2022,2042,2062,2082,2102,2122,2142,2162,2182,2202,3002,3022,3042,3062,3082,3102,3122,3142,3162,3182,3202
1001,1021,1041,1061,1081,1101,1121,1141,1161,1181,1201,2001,2021,2041,2061,2081,2101,2121,2141,2161,2181,2201,3001,3021,3041,3061,3081,3101,3121,3141,3161,3181,3201