,Plot Name,Avg Temp,Avg Temp (hue restrict),Max Temp,Max Temp (hue restrict),Min Temp,Min Temp (hue restrict),Avg DGCI,Avg DGCI (hue restrict),Max DGCI,Max DGCI (hue restrict),Min DGCI,Min DGCI (hue restrict),Canopy Closure,Avg R,Avg G,Avg B,Avg R (hue restrict),Avg G (hue restrict),Avg B (hue restrict),Avg H,Avg S,Avg V,Avg H (hue restrict),Avg S (hue restrict),Avg V (hue restrict),Plot Area,Hue Range Start,Hue Range End
0,4012,29.2,29.2,31.77,31.77,27.69,27.69,1.33,1.3300000429153442,1.8861381,1.6385812759399414,1.0276548,1.027654767036438,99.84%,91.5,116.57,97.82,91.58,116.68,97.89,135.12,0.26,0.46,135.02000427246094,0.25999999046325684,0.46000000834465027,3.234056229868704,60,180
1,4032,30.68,30.53,36.77,36.77,27.77,27.77,1.39,1.309999942779541,2.6094472,1.6639384031295776,0.5604933,0.9665641784667969,89.23%,98.89,119.82,102.83,97.77,121.92,102.09,144.62,0.23,0.47,130.97999572753906,0.23999999463558197,0.47999998927116394,2.226085961881496,60,180
2,4052,30.59,30.54,35.53,35.53,28.09,28.09,1.25,1.2400000095367432,2.6203911,1.6520220041275024,0.5949869,0.7320608496665955,96.93%,101.96,126.21,101.14,101.47,126.67,100.88,119.7,0.25,0.5,118.83999633789062,0.25,0.5,2.534871077500063,60,180
3,4072,28.99,28.99,31.01,31.01,27.01,27.01,1.27,1.2699999809265137,1.565638,1.5656379461288452,0.8429022,0.8429021835327148,100.00%,104.37,134.49,106.67,104.37,134.49,106.67,124.54,0.26,0.53,124.54000091552734,0.25999999046325684,0.5299999713897705,3.191039448189518,60,180
4,4092,28.1,28.1,29.65,29.65,26.69,26.69,1.36,1.3600000143051147,1.7843428,1.6341333389282227,0.9578862,0.9578862190246582,99.57%,106.32,135.67,116.62,106.57,135.98,116.84,141.49,0.27,0.53,141.27999877929688,0.27000001072883606,0.5299999713897705,2.7793259606980953,60,180
5,4112,27.45,27.45,29.17,29.17,26.21,26.21,1.37,1.3600000143051147,1.817885,1.633954644203186,0.99990255,0.9999025464057922,99.27%,103.42,132.95,114.0,103.85,133.51,114.4,142.26,0.27,0.52,141.88999938964844,0.27000001072883606,0.5199999809265137,3.0278096059265045,60,180
6,4152,28.49,28.49,33.33,33.33,26.77,26.77,1.28,1.2799999713897705,1.6109266,1.610926628112793,0.8986688,0.8986688256263733,100.00%,106.46,133.88,108.69,106.46,133.88,108.69,124.88,0.24,0.53,124.87999725341797,0.23999999463558197,0.5299999713897705,2.86951824615234,60,180
7,4172,29.54,29.54,32.37,32.37,26.85,26.85,1.24,1.2400000095367432,1.6306381,1.6030941009521484,0.8729083,0.8729082942008972,99.97%,123.12,152.62,121.25,123.12,152.62,121.24,117.7,0.24,0.6,117.68000030517578,0.23999999463558197,0.6000000238418579,3.139315342122098,60,180
8,4192,28.77,28.77,31.53,31.53,26.61,26.61,1.29,1.2899999618530273,1.5976678,1.5976678133010864,0.7937016,0.8985219597816467,99.95%,108.24,136.98,112.01,108.23,136.98,112.01,128.1,0.26,0.54,128.13999938964844,0.25999999046325684,0.5400000214576721,2.9294298363460096,60,180
9,4132,28.55,28.55,30.73,30.73,27.01,27.01,1.28,1.2799999713897705,1.5696815,1.5696815252304077,0.9280122,0.9280121922492981,100.00%,116.25,148.3,119.38,116.25,148.3,119.38,126.27,0.25,0.58,126.2699966430664,0.25,0.5799999833106995,2.639099050027879,60,180
10,4212,29.93,29.89,39.49,39.49,27.17,27.17,1.27,1.2699999809265137,2.6149952,1.6298452615737915,0.4932052,0.7768564224243164,98.95%,115.21,142.47,116.59,114.91,142.55,116.5,123.31,0.24,0.56,124.02999877929688,0.25,0.5600000023841858,3.264466885194775,60,180
11,5012,30.06,30.06,34.17,33.61,28.13,28.13,1.27,1.2699999809265137,2.6140106,1.6589406728744507,0.6512307,0.9043167233467102,99.83%,115.61,146.21,117.53,115.6,146.25,117.52,124.71,0.26,0.57,124.5999984741211,0.25999999046325684,0.5699999928474426,3.286040256067116,60,180
12,5032,31.59,31.59,34.81,34.81,29.13,29.13,1.25,1.25,1.5593399,1.5593398809432983,0.71103424,0.7110342383384705,100.00%,111.16,143.28,111.85,111.16,143.28,111.85,121.85,0.27,0.56,121.8499984741211,0.27000001072883606,0.5600000023841858,2.944505203943549,60,180
13,5052,30.62,30.62,33.33,33.33,28.81,28.81,1.32,1.3200000524520874,1.6175622,1.617562174797058,0.7878224,0.787822425365448,100.00%,117.13,149.44,124.16,117.13,149.44,124.16,133.24,0.25,0.59,133.24000549316406,0.25,0.5899999737739563,3.430425888833205,60,180
14,5072,30.48,30.48,32.33,32.33,29.01,29.01,1.29,1.2899999618530273,1.7860633,1.6412944793701172,0.9062581,0.9062581062316895,99.79%,114.67,141.55,117.29,114.84,141.76,117.44,127.06,0.24,0.56,126.91000366210938,0.23999999463558197,0.5600000023841858,3.3846799457786023,60,180
15,5092,30.48,30.48,33.81,33.81,28.97,28.97,1.29,1.2899999618530273,1.5958894,1.5958894491195679,0.887336,0.887336015701294,99.99%,102.4,128.63,105.51,102.41,128.63,105.51,127.0,0.26,0.5,127.0,0.25999999046325684,0.5,2.5385099593339517,60,180
16,5112,30.98,30.98,33.89,33.89,29.33,29.33,1.32,1.3200000524520874,1.7001214,1.6180258989334106,0.94602054,0.9460205435752869,99.90%,103.28,131.51,109.48,103.32,131.56,109.52,133.79,0.26,0.52,133.74000549316406,0.25999999046325684,0.5199999809265137,3.170895638037633,60,180
17,5132,30.83,30.83,32.81,32.81,29.29,29.29,1.23,1.2300000190734863,1.533027,1.5330270528793335,0.8880175,0.888017475605011,100.00%,115.48,145.95,113.52,115.48,145.95,113.52,117.57,0.26,0.57,117.56999969482422,0.25999999046325684,0.5699999928474426,3.178303361770907,60,180
18,5152,31.48,31.29,39.25,38.81,28.93,28.93,1.34,1.2799999713897705,2.6202142,1.6633752584457397,0.5411622,0.8135983347892761,91.41%,116.73,141.45,117.95,113.09,141.24,115.11,135.52,0.24,0.56,124.56999969482422,0.25,0.550000011920929,3.5420615850942947,60,180
19,5172,29.61,29.61,32.41,32.29,28.01,28.01,1.31,1.2999999523162842,1.7495254,1.6441789865493774,0.45230922,0.8265385627746582,99.21%,102.25,128.7,106.87,102.59,129.18,107.16,131.26,0.27,0.5,130.92999267578125,0.27000001072883606,0.5099999904632568,3.083172593827813,60,180
20,5192,29.47,29.47,31.89,31.89,26.93,26.93,1.28,1.2799999713897705,2.1427135,1.656396508216858,0.66650265,0.7646186947822571,99.84%,104.28,132.01,107.47,104.38,132.15,107.56,127.15,0.28,0.52,127.08000183105469,0.2800000011920929,0.5199999809265137,3.3247683555849328,60,180
21,5212,28.42,28.41,31.97,31.97,26.61,26.61,1.39,1.3799999952316284,2.3305256,1.6639209985733032,0.82075137,0.8207513689994812,99.21%,103.97,130.59,114.45,103.7,130.4,114.11,143.64,0.24,0.51,143.19000244140625,0.23999999463558197,0.5099999904632568,3.422888205034435,60,180
22,6032,29.05,29.05,31.73,31.73,27.05,27.05,1.36,1.3600000143051147,1.70605,1.643367886543274,0.9169089,0.9169089198112488,99.84%,95.12,116.68,101.51,95.2,116.78,101.59,137.66,0.22,0.46,137.5800018310547,0.2199999988079071,0.46000000834465027,3.970280000903713,60,180
23,6012,29.35,29.35,32.69,32.69,27.33,27.33,1.36,1.3600000143051147,1.8229728,1.640225887298584,0.74944085,0.7494408488273621,99.20%,105.15,132.09,114.15,105.03,132.06,114.0,139.79,0.24,0.52,139.61000061035156,0.23999999463558197,0.5199999809265137,3.214562220044299,60,180
24,6052,31.06,31.05,33.57,33.57,28.77,28.77,1.28,1.2699999809265137,2.6064608,1.6542634963989258,0.65715855,0.8781887888908386,98.63%,93.15,115.95,95.05,93.72,116.83,95.59,125.88,0.26,0.45,124.66000366210938,0.25999999046325684,0.46000000834465027,2.4891251344454606,60,180
25,6072,30.81,30.81,33.81,33.81,28.85,28.85,1.4,1.399999976158142,1.7935432,1.6562272310256958,0.7561901,0.9502738118171692,99.31%,92.73,116.57,103.03,93.05,116.98,103.33,146.47,0.25,0.46,146.25999450683594,0.25,0.46000000834465027,3.2246991051529896,60,180
26,6092,32.38,32.38,41.53,41.53,30.37,30.37,1.35,1.350000023841858,1.7522016,1.6432749032974243,0.8702781,0.8702781200408936,99.83%,100.53,129.02,109.21,100.61,129.13,109.28,138.32,0.26,0.51,138.22000122070312,0.25999999046325684,0.5099999904632568,2.8576918801922013,60,180
27,6112,33.6,33.6,36.53,36.53,31.17,31.17,1.35,1.350000023841858,2.545407,1.661993384361267,0.66607714,0.8973693251609802,99.79%,105.62,132.1,113.29,105.72,132.24,113.38,137.48,0.24,0.52,137.32000732421875,0.23999999463558197,0.5199999809265137,3.4724029899884226,60,180
28,6132,33.33,33.32,36.01,36.01,32.05,32.05,1.37,1.3700000047683716,2.605162,1.6474838256835938,0.64413685,0.9486513137817383,99.22%,93.92,119.74,103.68,94.04,119.98,103.77,142.91,0.26,0.47,142.3699951171875,0.27000001072883606,0.4699999988079071,3.0952588799189438,60,180
29,6152,32.13,32.13,34.45,34.45,30.25,30.25,1.28,1.2799999713897705,1.6383762,1.6323809623718262,0.84989756,0.9197699427604675,99.94%,97.19,125.51,100.81,97.23,125.55,100.84,127.82,0.28,0.49,127.79000091552734,0.2800000011920929,0.49000000953674316,3.517369172650049,60,180
30,6172,31.82,31.81,33.97,33.97,30.41,30.41,1.49,1.4800000190734863,2.215378,1.6622482538223267,0.66611814,1.0237377882003784,94.81%,94.37,123.9,116.19,95.07,125.03,116.74,164.81,0.28,0.49,163.49000549316406,0.2800000011920929,0.49000000953674316,2.7977802899985313,60,180
31,6192,33.58,33.58,36.61,36.61,31.93,31.93,1.35,1.350000023841858,1.6137568,1.613756775856018,0.72196597,0.8732051849365234,99.87%,96.65,128.6,107.55,96.61,128.61,107.55,139.75,0.28,0.5,139.8800048828125,0.2800000011920929,0.5,3.2197606226641406,60,180
32,6212,34.65,34.65,37.09,37.09,32.37,32.37,1.37,1.3700000047683716,1.6428689,1.622518539428711,0.9926357,0.9926357269287109,99.82%,96.16,128.65,109.15,96.27,128.78,109.24,144.12,0.28,0.5,144.0399932861328,0.2800000011920929,0.5099999904632568,2.733580017643493,60,180
33,4013,29.84,29.84,31.69,31.69,27.77,27.77,1.37,1.3700000047683716,1.7343825,1.6452337503433228,0.9701338,0.9701337814331055,99.87%,84.14,110.93,94.62,84.2,111.0,94.67,143.76,0.28,0.44,143.6999969482422,0.2800000011920929,0.4399999976158142,3.1069552858135867,60,180
34,4033,30.49,30.03,39.41,39.01,28.25,28.25,1.44,1.2899999618530273,2.6094801,1.6569634675979614,0.33328208,0.8999743461608887,83.75%,101.08,120.64,103.04,95.83,122.18,98.75,154.62,0.25,0.48,128.13999938964844,0.25999999046325684,0.47999998927116394,2.078841207674494,60,180
35,4053,29.87,29.87,32.01,32.01,28.13,28.13,1.33,1.3300000429153442,1.9760469,1.6554018259048462,0.7290847,0.7290846705436707,99.80%,95.11,122.42,102.0,95.1,122.45,101.99,135.03,0.26,0.48,135.00999450683594,0.25999999046325684,0.47999998927116394,2.784134483121448,60,180
36,4073,30.2,30.16,35.13,35.13,28.29,28.29,1.34,1.2899999618530273,2.6099217,1.6639612913131714,0.49995387,0.9089781641960144,93.49%,101.91,126.75,104.69,101.24,128.27,104.25,135.94,0.25,0.5,127.13999938964844,0.25,0.5,2.295874517052864,60,180
37,4093,28.75,28.75,30.85,30.85,26.33,26.33,1.27,1.2699999809265137,1.6318401,1.6318401098251343,0.6081283,0.9331026077270508,99.65%,105.47,131.6,106.93,105.46,131.68,106.95,123.82,0.26,0.52,124.08000183105469,0.25999999046325684,0.5199999809265137,1.7280789909007095,60,180
38,4113,29.13,29.13,31.45,31.45,26.73,26.73,1.28,1.2799999713897705,1.894626,1.6415783166885376,0.7390497,0.8537468314170837,99.46%,109.77,135.94,111.83,109.86,136.18,111.96,124.97,0.24,0.53,125.16000366210938,0.23999999463558197,0.5299999713897705,3.0080556759711077,60,180
39,4133,28.06,28.06,29.89,29.89,26.81,26.81,1.34,1.340000033378601,1.7419199,1.6280717849731445,0.98462296,0.9846229553222656,99.94%,101.9,130.24,109.66,101.95,130.31,109.71,136.44,0.26,0.51,136.39999389648438,0.25999999046325684,0.5099999904632568,3.0942191993949755,60,180
40,4153,28.77,28.77,30.73,30.73,27.13,27.13,1.44,1.4299999475479126,2.0739357,1.6526455879211426,0.6665129,0.9059478640556335,95.49%,100.97,124.65,113.63,101.5,125.4,113.75,153.14,0.22,0.49,151.5,0.2199999988079071,0.49000000953674316,3.1702458377101532,60,180
41,4173,29.51,29.51,31.49,31.49,27.69,27.69,1.34,1.340000033378601,1.6906835,1.6215282678604126,0.98329276,0.9832927584648132,99.97%,107.12,136.07,114.93,107.14,136.1,114.95,136.0,0.25,0.53,135.97999572753906,0.25,0.5299999713897705,3.268495647225152,60,180
42,4193,30.47,30.47,33.73,33.73,28.93,28.93,1.26,1.2599999904632568,2.5553095,1.6497454643249512,0.6492863,0.8887197375297546,99.73%,101.72,127.55,102.54,101.86,127.75,102.67,122.8,0.26,0.5,122.56999969482422,0.25999999046325684,0.5,3.626275707535722,60,180
43,4213,31.34,31.34,34.29,34.29,29.29,29.29,1.3,1.2999999523162842,1.8517135,1.6234970092773438,0.86764956,0.8676495552062988,99.92%,111.16,137.88,115.3,111.22,137.95,115.35,128.94,0.23,0.54,128.89999389648438,0.23000000417232513,0.5400000214576721,2.558263889289348,60,180
44,5013,30.94,30.94,33.25,33.25,29.45,29.45,1.35,1.350000023841858,1.6985846,1.6342496871948242,0.94191116,0.9419111609458923,99.87%,104.16,131.26,112.54,104.21,131.33,112.58,138.51,0.24,0.51,138.4499969482422,0.23999999463558197,0.5199999809265137,2.797260449736547,60,180
45,5033,30.63,30.63,32.57,32.57,29.53,29.53,1.37,1.3700000047683716,1.8776239,1.6379046440124512,1.0302466,1.030246615409851,99.87%,90.68,110.8,97.23,90.7,110.84,97.25,139.15,0.21,0.43,139.0800018310547,0.20999999344348907,0.4300000071525574,2.918383230778847,60,180
46,5053,31.71,31.71,33.69,33.69,30.21,30.21,1.34,1.340000033378601,1.7025232,1.6463947296142578,0.7816673,0.7816672921180725,99.96%,108.03,134.96,115.25,108.02,134.95,115.24,135.59,0.23,0.53,135.58999633789062,0.23000000417232513,0.5299999713897705,3.2065046959835453,60,180
47,5073,31.5,31.5,33.49,33.49,29.97,29.97,1.26,1.2599999904632568,1.5856894,1.5856894254684448,0.8743879,0.8743879199028015,100.00%,111.78,135.45,111.31,111.78,135.45,111.31,120.02,0.23,0.53,120.0199966430664,0.23000000417232513,0.5299999713897705,2.655474018280379,60,180
48,5093,30.35,30.35,32.45,32.45,28.89,28.89,1.35,1.350000023841858,1.685618,1.6281070709228516,0.9895913,0.9895913004875183,99.98%,91.38,114.14,97.84,91.38,114.15,97.84,136.96,0.24,0.45,136.9499969482422,0.23999999463558197,0.44999998807907104,2.4475379134867308,60,180
49,5113,32.1,32.0,40.93,40.61,30.17,30.17,1.32,1.3200000524520874,2.6217906,1.654030442237854,0.5262184,0.8764047622680664,95.40%,101.28,122.23,105.42,100.26,122.55,105.01,130.52,0.21,0.48,131.05999755859375,0.2199999988079071,0.47999998927116394,3.2241792648910055,60,180
50,5133,31.04,31.04,32.53,32.53,29.77,29.77,1.32,1.3200000524520874,1.6367303,1.6200785636901855,0.9308858,0.9308857917785645,99.96%,101.08,128.51,106.93,101.06,128.49,106.9,132.7,0.24,0.5,132.67999267578125,0.23999999463558197,0.5,2.748135544979048,60,180
51,5153,31.04,31.04,32.49,32.49,29.73,29.73,1.34,1.340000033378601,2.5497172,1.6639165878295898,0.66210026,0.9828207492828369,99.91%,111.32,138.49,118.47,111.27,138.46,118.43,135.64,0.23,0.54,135.66000366210938,0.23000000417232513,0.5400000214576721,2.8284508654555944,60,180
52,5173,29.75,29.75,32.41,32.41,27.73,27.73,1.35,1.350000023841858,2.4554017,1.6522196531295776,0.6144193,0.8259690403938293,99.65%,95.25,121.88,103.76,95.43,122.15,103.95,139.21,0.26,0.48,139.0,0.25999999046325684,0.47999998927116394,3.9158267334608765,60,180
53,5193,29.35,29.35,31.49,31.49,26.81,26.81,1.33,1.3300000429153442,1.9241295,1.655410647392273,0.8316984,0.9707787036895752,99.90%,101.79,125.98,107.43,101.85,126.05,107.48,133.92,0.23,0.49,133.8699951171875,0.23000000417232513,0.49000000953674316,3.021701482848191,60,180
54,5213,29.02,28.99,36.77,36.77,27.09,27.09,1.32,1.3200000524520874,2.6173651,1.5458446741104126,0.5831488,0.8253609538078308,99.08%,107.26,133.22,112.72,107.22,133.47,112.82,131.29,0.23,0.52,131.55999755859375,0.23000000417232513,0.5199999809265137,2.953472448462775,60,180
55,6013,29.47,29.46,33.01,33.01,27.69,27.69,1.33,1.3300000429153442,1.6707402,1.6276865005493164,0.737042,0.8111874461174011,99.90%,94.72,120.33,101.28,94.63,120.27,101.21,134.69,0.25,0.47,134.77000427246094,0.25,0.4699999988079071,2.457284918398933,60,180
56,6033,29.75,29.75,33.09,33.09,27.69,27.69,1.34,1.340000033378601,1.7871323,1.6530853509902954,0.87172824,0.871728241443634,99.75%,97.88,119.78,103.57,98.02,119.95,103.69,135.37,0.22,0.47,135.22999572753906,0.2199999988079071,0.4699999988079071,3.581959325201576,60,180
57,6053,30.87,30.87,33.57,33.57,29.45,29.45,1.27,1.2699999809265137,2.4048,1.6530770063400269,0.8986454,0.8986454010009766,99.59%,95.49,119.51,97.21,95.79,119.89,97.47,124.96,0.26,0.47,124.5199966430664,0.25999999046325684,0.4699999988079071,3.3384141624620156,60,180
58,6073,31.84,31.84,33.81,33.81,30.01,30.01,1.32,1.3200000524520874,1.9900217,1.6554018259048462,0.65320516,0.9297506809234619,99.88%,98.29,120.57,102.58,98.34,120.65,102.64,131.19,0.23,0.47,131.13999938964844,0.23000000417232513,0.4699999988079071,2.9064269047532125,60,180
59,6093,33.41,33.41,36.09,36.09,31.61,31.61,1.39,1.3899999856948853,1.7063804,1.6290760040283203,0.83330256,0.8333025574684143,99.28%,99.5,126.07,110.28,99.46,126.07,110.14,144.69,0.24,0.49,144.3800048828125,0.23999999463558197,0.49000000953674316,2.3038020810481217,60,180
60,6113,33.27,33.26,37.41,35.29,31.25,31.25,1.39,1.3899999856948853,2.325125,1.641645908355713,0.8780112,0.8780112266540527,99.21%,98.37,126.91,110.63,98.51,127.18,110.72,145.51,0.26,0.5,144.97999572753906,0.25999999046325684,0.5,3.226128665873446,60,180
61,6133,32.48,32.48,35.05,35.05,30.65,30.65,1.39,1.3899999856948853,1.6290213,1.6290212869644165,1.0587363,1.0587363243103027,99.94%,95.56,124.71,108.21,95.57,124.72,108.22,145.79,0.27,0.49,145.77000427246094,0.27000001072883606,0.49000000953674316,2.696801319108116,60,180
62,6153,32.49,32.49,34.61,34.61,30.85,30.85,1.14,1.1399999856948853,1.5710378,1.571037769317627,0.8634539,0.8634539246559143,100.00%,114.9,144.22,102.89,114.9,144.22,102.89,104.12,0.32,0.57,104.12000274658203,0.3199999928474426,0.5699999928474426,3.04301493358954,60,180
63,6173,32.98,32.98,35.49,35.49,31.17,31.17,1.31,1.309999942779541,1.625348,1.6253479719161987,0.9317407,0.9317407011985779,100.00%,93.43,119.3,98.72,93.43,119.3,98.72,132.06,0.26,0.47,132.05999755859375,0.25999999046325684,0.4699999988079071,2.3362920974221293,60,180
64,6193,33.92,33.92,38.85,38.85,31.89,31.89,1.34,1.340000033378601,2.5780118,1.6619600057601929,0.6661694,0.83722323179245,99.70%,98.47,129.32,108.45,98.52,129.46,108.54,138.42,0.28,0.51,138.50999450683594,0.2800000011920929,0.5099999904632568,2.813245537792559,60,180
65,6213,34.44,34.44,36.09,36.09,32.57,32.57,1.3,1.2999999523162842,1.5127653,1.5127652883529663,0.92987186,0.9298718571662903,100.00%,99.35,132.55,105.77,99.35,132.55,105.77,131.36,0.29,0.52,131.36000061035156,0.28999999165534973,0.5199999809265137,2.8592514009781533,60,180
66,4014,29.87,29.87,31.61,31.61,27.49,27.49,1.27,1.2699999809265137,1.5988207,1.5936819314956665,0.91741616,0.9174161553382874,100.00%,89.76,114.65,91.62,89.77,114.66,91.62,125.45,0.28,0.45,125.44999694824219,0.2800000011920929,0.44999998807907104,2.839237550891765,60,180
67,4034,31.52,31.29,38.65,38.41,29.45,29.45,1.32,1.2200000286102295,2.6157277,1.6615710258483887,0.5832513,0.8795065879821777,88.27%,100.98,121.3,98.07,100.37,124.76,97.44,133.63,0.26,0.48,115.04000091552734,0.27000001072883606,0.49000000953674316,1.7631682085846374,60,180
68,4054,30.46,30.46,31.93,31.93,28.69,28.69,1.27,1.2699999809265137,1.6701866,1.603516936302185,0.7969133,0.7969133257865906,99.94%,95.23,123.82,97.67,95.28,123.88,97.71,125.43,0.28,0.49,125.38999938964844,0.2800000011920929,0.49000000953674316,2.5469573635911935,60,180
69,4074,30.62,30.6,36.65,36.65,28.37,28.37,1.3,1.2999999523162842,2.6165607,1.649897575378418,0.40736127,0.666594922542572,98.18%,95.96,119.53,99.59,95.58,119.67,99.39,129.2,0.25,0.47,128.7100067138672,0.25,0.4699999988079071,2.6562537786733547,60,180
70,4094,29.89,29.88,32.61,32.61,27.97,27.97,1.3,1.2999999523162842,1.7855707,1.631384253501892,0.88240653,0.8824065327644348,99.84%,101.2,128.47,105.77,101.22,128.51,105.77,130.28,0.27,0.5,130.17999267578125,0.27000001072883606,0.5,3.0602996223005117,60,180
71,4114,29.8,29.8,33.69,33.69,28.17,28.17,1.26,1.2599999904632568,2.586546,1.6526546478271484,0.5832513,0.8430501818656921,98.94%,101.94,127.96,103.09,101.94,128.3,103.25,122.41,0.26,0.5,122.9000015258789,0.25999999046325684,0.5,3.1940285296959265,60,180
72,4134,28.79,28.79,30.97,30.97,26.69,26.69,1.41,1.409999966621399,1.8686324,1.6308103799819946,0.9161168,0.9161167740821838,98.81%,109.16,137.5,122.67,109.21,137.63,122.6,148.62,0.23,0.54,148.14999389648438,0.23000000417232513,0.5400000214576721,2.3648833118312558,60,180
73,4154,29.64,29.63,35.93,35.93,27.73,27.73,1.29,1.2899999618530273,2.58906,1.65933358669281,0.33327696,0.6961930394172668,98.48%,99.8,123.1,102.39,100.17,123.86,102.93,126.22,0.24,0.48,126.43000030517578,0.23999999463558197,0.49000000953674316,3.3280173572223335,60,180
74,4174,28.74,28.74,30.13,30.13,27.65,27.65,1.42,1.4199999570846558,1.7124696,1.646517276763916,0.9999795,0.9999794960021973,98.92%,92.26,110.83,100.94,92.21,110.8,100.78,147.56,0.2,0.43,147.13999938964844,0.20000000298023224,0.4300000071525574,2.5496865249666105,60,180
75,4194,28.88,28.88,30.21,30.21,27.41,27.41,1.36,1.350000023841858,1.7727375,1.6485384702682495,1.0589883,1.058988332748413,99.49%,93.21,114.34,99.4,93.47,114.66,99.62,137.84,0.23,0.45,137.5800018310547,0.23000000417232513,0.44999998807907104,2.344349621482883,60,180
76,4214,29.27,29.27,30.49,30.49,27.89,27.89,1.48,1.4700000286102295,1.8632053,1.6513904333114624,0.980305,0.980305016040802,95.45%,85.12,99.99,94.41,86.05,101.15,95.21,158.16,0.19,0.39,156.5800018310547,0.18000000715255737,0.4000000059604645,3.2795422527923144,60,180
77,5014,31.73,31.71,38.33,37.17,29.73,29.73,1.27,1.2699999809265137,2.1248813,1.6619089841842651,0.63328207,0.8721647262573242,99.17%,102.33,124.57,103.31,102.35,124.81,103.37,123.4,0.23,0.49,123.47000122070312,0.23000000417232513,0.49000000953674316,2.6802963907901205,60,180
78,5034,33.29,33.24,38.53,38.53,30.73,30.73,1.28,1.2799999713897705,2.6226227,1.6609724760055542,0.5646918,0.7856425642967224,96.21%,105.64,127.1,107.24,105.78,128.28,107.86,124.18,0.22,0.5,124.69999694824219,0.23000000417232513,0.5,2.875626369230653,60,180
79,5054,32.37,32.34,38.17,38.17,30.21,30.21,1.28,1.2899999618530273,2.5730345,1.6533465385437012,0.422578,0.7845556139945984,97.98%,106.31,129.91,108.01,106.06,130.16,107.95,125.37,0.24,0.51,125.9000015258789,0.23999999463558197,0.5099999904632568,3.4816301546386406,60,180
80,5074,32.58,32.58,35.89,35.89,30.37,30.37,1.33,1.3300000429153442,1.7114812,1.6319011449813843,0.91579205,0.9157920479774475,99.93%,95.51,120.04,101.19,95.52,120.06,101.2,133.82,0.25,0.47,133.8000030517578,0.25,0.4699999988079071,3.4080727575678877,60,180
81,5094,31.46,31.46,33.05,33.05,30.13,30.13,1.33,1.3300000429153442,1.9554863,1.6469014883041382,0.8265071,0.8265070915222168,99.89%,97.79,123.79,104.48,97.87,123.9,104.57,135.13,0.25,0.49,135.0500030517578,0.25,0.49000000953674316,2.765680153821012,60,180
82,5114,32.97,32.76,41.29,41.29,30.29,30.29,1.41,1.3600000143051147,2.6185691,1.6640028953552246,0.39206973,0.9483847618103027,90.28%,109.63,131.6,116.78,104.39,129.3,112.41,147.22,0.21,0.52,137.77999877929688,0.2199999988079071,0.5099999904632568,2.626233003543772,60,180
83,5134,31.83,31.83,34.01,34.01,29.93,29.93,1.35,1.350000023841858,1.6897283,1.636715292930603,0.83322054,0.8332205414772034,99.81%,93.56,115.57,99.62,93.52,115.53,99.55,135.9,0.22,0.45,135.80999755859375,0.2199999988079071,0.44999998807907104,2.7882932052173213,60,180
84,5154,31.43,31.43,34.25,34.25,29.53,29.53,1.31,1.309999942779541,1.6196309,1.6196309328079224,0.8485809,0.8485808968544006,100.00%,95.87,120.9,100.61,95.87,120.9,100.61,131.03,0.25,0.47,131.02999877929688,0.25,0.4699999988079071,2.340970659779986,60,180
85,5174,31.6,31.6,34.25,34.25,29.09,29.09,1.28,1.2799999713897705,2.5385811,1.6625372171401978,0.5416257,0.6666154265403748,99.34%,101.43,126.63,103.62,101.68,127.04,103.92,125.16,0.25,0.5,125.0,0.25,0.5,2.983623183657854,60,180
86,5194,30.14,30.15,31.97,31.97,27.93,27.93,1.25,1.25,2.3187227,1.6475234031677246,0.6665334,0.87187260389328,99.61%,103.05,128.05,102.52,103.33,128.41,102.77,120.64,0.25,0.5,120.27999877929688,0.25,0.5,3.1400951025150743,60,180
87,5214,28.22,28.21,29.37,29.33,26.93,26.93,1.55,1.5199999809265137,2.0337255,1.663291573524475,0.5832308,0.9967839121818542,83.27%,81.79,96.29,93.46,81.45,96.41,92.5,168.67,0.17,0.38,164.5399932861328,0.17000000178813934,0.3799999952316284,2.40010248958068,60,180
88,6014,29.6,29.59,32.05,31.37,27.49,27.49,1.43,1.409999966621399,2.6117733,1.6618555784225464,0.64980394,0.9840192794799805,93.43%,97.75,119.18,107.4,97.84,120.41,107.43,151.1,0.21,0.47,145.94000244140625,0.2199999988079071,0.4699999988079071,1.243847786862502,60,180
89,6034,30.41,30.31,38.77,36.21,28.37,28.37,1.35,1.350000023841858,2.622299,1.6639779806137085,0.50307184,0.698305070400238,94.93%,101.21,122.29,107.57,100.48,122.86,107.53,135.28,0.22,0.48,136.6999969482422,0.2199999988079071,0.47999998927116394,2.587115023829467,60,180
90,6054,29.9,29.9,32.05,32.05,28.33,28.33,1.36,1.3600000143051147,1.732809,1.6383352279663086,0.96102285,0.9610228538513184,99.76%,94.46,122.15,104.22,94.59,122.31,104.33,141.34,0.27,0.48,141.22999572753906,0.27000001072883606,0.47999998927116394,3.3080035071359446,60,180
91,6074,32.01,32.01,34.33,34.33,30.09,30.09,1.34,1.340000033378601,2.022702,1.6480488777160645,0.9258798,0.9258797764778137,99.29%,100.31,125.24,106.85,100.76,125.81,107.26,136.49,0.24,0.49,135.99000549316406,0.23999999463558197,0.49000000953674316,3.739860804779252,60,180
92,6094,33.78,33.78,36.57,36.57,31.05,31.05,1.34,1.340000033378601,1.6645778,1.6210561990737915,0.96411425,0.964114248752594,99.88%,99.15,129.03,107.35,99.14,129.02,107.31,136.47,0.26,0.51,136.41000366210938,0.25999999046325684,0.5099999904632568,2.8806948117849984,60,180
93,6114,33.76,33.76,36.21,36.21,31.69,31.69,1.42,1.4199999570846558,2.5477526,1.658128261566162,0.70866364,0.9332308173179626,99.12%,92.65,119.56,106.52,92.83,119.86,106.7,150.83,0.25,0.47,150.39999389648438,0.25999999046325684,0.4699999988079071,2.278199948145404,60,180
94,6134,33.39,33.39,35.21,35.21,32.01,32.01,1.33,1.3300000429153442,2.2013986,1.6421422958374023,0.8332718,0.8332718014717102,99.74%,98.82,131.18,107.82,98.98,131.42,107.98,137.12,0.28,0.51,136.8800048828125,0.2800000011920929,0.5199999809265137,2.8187038605433923,60,180
95,6154,33.05,33.05,34.33,34.33,32.05,32.05,1.38,1.3799999952316284,1.642352,1.6370916366577148,1.027624,1.0276240110397339,99.85%,87.82,113.4,98.46,87.86,113.44,98.48,144.96,0.27,0.44,144.89999389648438,0.27000001072883606,0.4399999976158142,2.6186953197450022,60,180
96,6174,33.25,33.26,35.13,35.13,30.01,30.01,1.41,1.409999966621399,1.9639987,1.6363521814346313,1.0633844,1.0633844137191772,98.37%,93.08,122.12,107.68,93.36,122.59,107.85,151.17,0.28,0.48,150.49000549316406,0.2800000011920929,0.47999998927116394,3.3112525087733453,60,180
97,6194,35.02,35.02,36.89,36.89,33.33,33.33,1.36,1.3600000143051147,1.7128077,1.6215399503707886,0.89330846,0.8933084607124329,99.91%,92.82,121.11,103.33,92.8,121.1,103.3,141.44,0.26,0.47,141.39999389648438,0.25999999046325684,0.4699999988079071,3.5424514652907826,60,180
98,6214,34.95,34.95,36.37,36.37,33.93,33.93,1.53,1.5199999809265137,1.8188957,1.6419681310653687,1.1794206,1.1794205904006958,88.57%,76.42,96.17,93.08,77.35,97.51,93.77,171.09,0.25,0.38,169.08999633789062,0.23999999463558197,0.3799999952316284,2.543968282084785,60,180
99,4015,38.31,35.17,61.05,60.93,28.93,28.93,1.78,1.25,2.6166599,1.6640523672103882,0.6155167,0.9165641665458679,41.10%,130.08,132.24,133.45,106.73,125.57,105.24,209.44,0.16,0.56,117.94000244140625,0.20999999344348907,0.49000000953674316,1.8169716756999938,60,180
100,4035,34.28,32.88,58.33,58.33,29.09,29.09,1.77,1.2400000095367432,2.6202848,1.6639503240585327,0.60732865,0.8776665329933167,43.80%,135.1,135.02,133.98,112.33,128.98,110.07,208.09,0.15,0.57,113.9800033569336,0.1899999976158142,0.5099999904632568,2.4979624188991902,60,180
101,4055,31.62,31.56,37.09,37.09,29.37,29.37,1.35,1.309999942779541,2.6109245,1.6637215614318848,0.4999385,0.8514119982719421,93.85%,99.88,122.06,103.18,98.93,123.05,102.47,137.37,0.22,0.48,129.1699981689453,0.23000000417232513,0.47999998927116394,2.675097988170279,60,180
102,4075,33.59,31.85,56.85,56.05,29.01,29.01,1.49,1.409999966621399,2.6152842,1.664052128791809,0.59579045,0.9120859503746033,81.42%,99.68,117.56,112.38,92.4,113.83,102.62,161.63,0.21,0.48,147.11000061035156,0.2199999988079071,0.44999998807907104,3.5826091255290557,60,180
103,4095,30.15,30.15,31.89,31.89,28.53,28.53,1.27,1.2699999809265137,1.9331027,1.6444672346115112,0.9203837,0.9203836917877197,98.70%,102.63,126.99,103.07,103.47,128.02,103.74,125.13,0.27,0.5,124.18000030517578,0.27000001072883606,0.5,2.795570968885099,60,180
104,4115,29.93,29.93,32.25,32.25,27.09,27.09,1.27,1.2599999904632568,2.598119,1.6637215614318848,0.577624,0.8608242869377136,97.37%,97.22,118.51,96.62,98.62,120.47,97.89,124.02,0.25,0.47,121.80999755859375,0.25,0.4699999988079071,2.9422958828301167,60,180
105,4135,29.51,29.51,31.93,31.93,28.21,28.21,1.32,1.3200000524520874,1.9870863,1.6428207159042358,0.6665744,0.903542697429657,99.66%,92.8,119.34,98.38,93.01,119.63,98.58,133.09,0.27,0.47,132.82000732421875,0.27000001072883606,0.4699999988079071,3.2562794010685248,60,180
106,4155,30.28,30.28,33.05,33.05,28.37,28.37,1.29,1.2899999618530273,1.6507798,1.6318864822387695,0.80879116,0.8087911605834961,99.98%,96.33,120.38,99.36,96.33,120.38,99.36,127.1,0.25,0.47,127.08000183105469,0.25,0.4699999988079071,2.7429371423592066,60,180
107,4175,30.02,30.01,33.85,33.85,28.01,28.01,1.25,1.25,2.5913832,1.6638647317886353,0.634813,0.6666513085365295,99.05%,93.14,116.18,92.91,93.59,116.88,93.36,121.43,0.26,0.46,120.44999694824219,0.25999999046325684,0.46000000834465027,2.3199171291696294,60,180
108,4195,31.04,31.0,42.77,42.77,28.25,28.25,1.3,1.2999999523162842,2.6230876,1.6474186182022095,0.47422567,0.8204461932182312,95.63%,91.78,112.01,94.83,90.41,111.81,94.01,128.24,0.24,0.44,129.10000610351562,0.23999999463558197,0.4399999976158142,3.3582980524829082,60,180
109,4215,28.83,28.83,30.37,30.37,27.45,27.45,1.46,1.4500000476837158,1.8689041,1.65576171875,1.0256706,1.0256706476211548,97.26%,77.24,93.71,86.48,77.68,94.32,86.82,155.36,0.22,0.37,154.38999938964844,0.2199999988079071,0.3700000047683716,2.2475293726883407,60,180
110,5015,31.64,31.64,33.97,33.97,29.37,29.37,1.27,1.2699999809265137,1.5821944,1.582194447517395,0.748102,0.8601231575012207,99.93%,85.62,111.1,88.21,85.58,111.08,88.19,126.04,0.28,0.44,126.08999633789062,0.2800000011920929,0.4399999976158142,2.8301403463070427,60,180
111,5035,32.24,32.02,41.37,37.53,30.01,30.01,1.37,1.3300000429153442,2.6189342,1.6602343320846558,0.33332822,0.9090345501899719,94.50%,96.62,121.34,103.35,93.4,120.17,100.75,142.5,0.25,0.48,135.94000244140625,0.25999999046325684,0.4699999988079071,2.7157754886705368,60,180
112,5055,32.41,32.41,34.77,34.77,29.81,29.81,1.36,1.3600000143051147,1.7391828,1.6210994720458984,0.8109574,0.9119448065757751,99.96%,93.61,122.89,104.25,93.63,122.92,104.28,141.57,0.28,0.48,141.57000732421875,0.2800000011920929,0.47999998927116394,2.9082463456701566,60,180
113,5075,33.21,33.2,36.13,36.13,31.53,31.53,1.35,1.340000033378601,2.6012366,1.660264015197754,0.6129517,0.9258337020874023,96.67%,92.3,112.71,97.95,93.12,114.1,98.74,137.18,0.23,0.44,135.2899932861328,0.23000000417232513,0.44999998807907104,2.345259341941355,60,180
114,5095,33.15,33.1,37.85,37.73,30.73,30.73,1.29,1.2999999523162842,2.6178038,1.656727910041809,0.5415847,0.828558623790741,97.46%,97.19,118.38,99.71,96.9,118.78,99.68,127.4,0.24,0.46,127.9800033569336,0.23999999463558197,0.4699999988079071,2.730590936137084,60,180
115,5115,32.68,32.68,36.01,35.73,30.65,30.65,1.34,1.340000033378601,2.5853553,1.662762999534607,0.5713927,0.6666359305381775,98.32%,97.25,119.8,102.45,98.21,121.11,103.42,135.77,0.23,0.47,134.42999267578125,0.23000000417232513,0.4699999988079071,2.9185131908443434,60,180
116,5135,32.16,32.15,39.09,37.69,30.09,30.09,1.33,1.3200000524520874,2.494992,1.6414532661437988,0.65320516,0.9592080116271973,99.43%,94.78,118.32,99.28,94.95,118.59,99.43,133.03,0.24,0.46,132.63999938964844,0.23999999463558197,0.4699999988079071,1.962007108793563,60,180
117,5155,31.78,31.78,35.29,35.29,29.21,29.21,1.3,1.2999999523162842,2.0355256,1.653579592704773,0.66643596,0.8771702647209167,99.65%,94.21,120.6,98.12,94.38,120.85,98.3,129.02,0.26,0.47,128.8699951171875,0.25999999046325684,0.4699999988079071,2.3981530885982396,60,180
118,5175,30.64,30.53,37.17,35.25,28.25,28.45,1.45,1.399999976158142,2.610325,1.6634360551834106,0.59440494,0.9587721228599548,88.46%,98.89,116.6,106.52,99.61,119.47,107.31,153.79,0.2,0.46,144.1699981689453,0.20000000298023224,0.4699999988079071,2.417647098422644,60,180
119,5195,30.24,30.23,34.09,33.85,28.53,28.53,1.03,1.0299999713897705,2.6211748,1.4912738800048828,0.5920979,0.7817185521125793,99.15%,126.28,147.17,98.95,126.42,147.56,98.96,87.04,0.37,0.58,86.91999816894531,0.3700000047683716,0.5799999833106995,2.9854426245747985,60,180
120,5215,27.85,27.87,29.81,29.81,26.61,26.61,1.54,1.5199999809265137,1.881363,1.6513381004333496,0.97320527,0.9732052683830261,85.54%,82.95,98.85,95.92,82.1,98.04,94.12,168.24,0.19,0.39,164.69000244140625,0.1899999976158142,0.3799999952316284,2.6011507109030383,60,180
121,6015,28.77,28.76,31.85,31.29,27.05,27.05,1.42,1.409999966621399,2.5844162,1.663983941078186,0.555494,0.8626579642295837,96.81%,89.19,111.09,99.61,89.94,112.21,100.23,149.41,0.23,0.44,147.52000427246094,0.23000000417232513,0.4399999976158142,2.603879872278455,60,180
122,6035,29.53,29.53,31.73,31.73,27.65,27.65,1.4,1.399999976158142,1.7537527,1.6583877801895142,0.93117076,0.9311707615852356,99.73%,95.55,120.45,106.83,95.63,120.54,106.88,146.73,0.24,0.47,146.6199951171875,0.23999999463558197,0.4699999988079071,2.805317973797301,60,180
123,6055,30.85,30.86,33.45,33.45,28.81,28.81,1.36,1.3600000143051147,1.7384,1.641618251800537,1.022277,1.0222769975662231,99.68%,93.9,118.63,102.23,94.06,118.84,102.39,140.57,0.25,0.47,140.41000366210938,0.25,0.4699999988079071,3.2123528989308667,60,180
124,6075,30.83,30.83,34.13,34.13,29.57,29.57,1.46,1.4500000476837158,1.8906837,1.653579592704773,1.0700167,1.0700167417526245,97.08%,91.9,113.86,105.04,92.57,114.75,105.57,156.53,0.24,0.45,155.50999450683594,0.23000000417232513,0.44999998807907104,2.704598923037878,60,180
125,6095,32.42,32.41,34.13,34.13,30.81,30.81,1.44,1.4299999475479126,1.9794596,1.6509512662887573,0.937418,0.9374179840087891,97.29%,79.84,99.29,90.37,79.82,99.4,90.18,152.49,0.23,0.39,151.47999572753906,0.23000000417232513,0.38999998569488525,2.9422958828301167,60,180
126,6115,34.14,34.14,36.13,36.13,32.73,32.73,1.35,1.350000023841858,1.7591208,1.6197004318237305,0.817405,0.8610085844993591,99.83%,95.84,126.1,105.43,95.9,126.2,105.5,139.41,0.27,0.49,139.36000061035156,0.27000001072883606,0.49000000953674316,2.573989057214368,60,180
127,6135,34.04,34.04,36.25,36.25,32.37,32.37,1.4,1.399999976158142,1.7489876,1.6417646408081055,0.9970684,0.9970684051513672,99.51%,102.67,130.57,115.26,102.97,130.94,115.55,147.11,0.26,0.51,146.89999389648438,0.25999999046325684,0.5099999904632568,2.356435907574014,60,180
128,6155,33.8,33.16,42.21,36.53,31.25,31.25,1.51,1.3899999856948853,2.5747786,1.6638590097427368,0.6608374,0.9893915057182312,83.05%,107.48,129.2,118.51,95.73,123.41,107.71,166.28,0.24,0.52,146.47000122070312,0.27000001072883606,0.47999998927116394,2.965558734553906,60,180
129,6175,33.36,33.36,35.45,35.45,31.69,31.69,1.43,1.4299999475479126,1.683226,1.629388451576233,1.062418,1.062417984008789,99.17%,92.38,121.15,108.66,92.49,121.33,108.72,153.95,0.28,0.48,153.69000244140625,0.2800000011920929,0.47999998927116394,2.7990798906534917,60,180
130,6195,34.48,34.46,39.57,39.57,32.29,32.29,1.36,1.350000023841858,2.312418,1.6395753622055054,0.55554014,0.962064802646637,98.69%,93.49,126.1,104.71,93.92,126.86,105.12,141.69,0.29,0.49,140.75,0.28999999165534973,0.5,1.9696747526578289,60,180
131,6215,35.36,35.35,39.05,39.05,33.45,33.49,1.54,1.5299999713897705,1.8119102,1.6421318054199219,1.2330918,1.2330918312072754,83.57%,78.12,98.41,95.67,78.28,98.98,95.14,172.23,0.24,0.39,169.08999633789062,0.23999999463558197,0.38999998569488525,3.125279655048527,60,180
132,4016,35.93,33.03,43.61,40.89,30.09,30.09,1.89,1.3300000429153442,2.6151345,1.663983941078186,0.6157062,0.9597436785697937,37.31%,129.15,128.06,130.74,94.54,114.24,98.04,229.6,0.16,0.54,132.4199981689453,0.20999999344348907,0.44999998807907104,2.396723527877783,60,180
133,4036,38.44,34.69,63.29,56.29,30.93,30.93,1.97,1.3799999952316284,2.6042192,1.6638213396072388,0.65599126,0.9020940661430359,28.19%,153.41,149.15,160.48,92.88,111.38,98.71,244.11,0.15,0.65,139.2100067138672,0.1899999976158142,0.4399999976158142,2.3781392385118507,60,180
134,4056,37.77,0.0,44.41,0.0,33.65,0.0,2.26,0.0,2.4163082,0.0,2.1400843,0.0,0.00%,213.78,193.39,216.46,0.0,0.0,0.0,293.59,0.11,0.85,0.0,0.0,0.0,2.647676414350617,60,180
135,4076,30.9,30.82,37.69,33.81,28.93,28.93,1.38,1.350000023841858,2.6072102,1.6638590097427368,0.64615065,0.9369511604309082,96.34%,88.86,111.17,95.96,86.46,109.96,93.79,142.98,0.24,0.44,138.69000244140625,0.25,0.4300000071525574,2.2759906270319714,60,180
136,4096,30.08,30.08,32.77,32.77,28.29,28.29,1.35,1.340000033378601,2.5564477,1.644455909729004,0.65143293,0.9800435900688171,98.34%,88.89,111.53,95.2,89.42,112.38,95.7,137.72,0.25,0.44,136.3800048828125,0.25,0.4399999976158142,1.744064078956721,60,180
137,4116,30.7,30.7,33.89,33.89,28.09,28.09,1.29,1.2799999713897705,2.619126,1.6637215614318848,0.6339185,0.8694472908973694,98.78%,93.11,112.9,94.39,93.24,113.25,94.52,125.39,0.23,0.44,125.0999984741211,0.23000000417232513,0.4399999976158142,3.097208280901384,60,180
138,4136,30.27,30.27,32.69,32.69,28.09,28.09,1.35,1.350000023841858,2.321285,1.637576937675476,0.9308858,0.9308857917785645,99.65%,97.01,117.31,102.46,97.22,117.56,102.65,135.82,0.21,0.46,135.58999633789062,0.20999999344348907,0.46000000834465027,3.009875116888052,60,180
139,4156,30.74,30.68,38.01,38.01,28.61,28.61,1.28,1.2899999618530273,2.611111,1.6532052755355835,0.58222234,0.8207428455352783,97.97%,93.21,112.45,94.6,92.79,112.54,94.4,123.77,0.21,0.44,124.37000274658203,0.20999999344348907,0.4399999976158142,2.152398604745247,60,180
140,4176,30.09,30.09,35.85,35.85,27.85,27.85,1.26,1.2599999904632568,1.6040026,1.604002594947815,0.87894756,0.8789475560188293,99.96%,93.49,118.81,94.41,93.47,118.8,94.4,122.7,0.26,0.47,122.72000122070312,0.25999999046325684,0.4699999988079071,2.922411992809224,60,180
141,4196,29.87,29.86,34.97,34.89,28.01,28.01,1.36,1.3600000143051147,1.8528494,1.6475332975387573,0.91616243,0.9161624312400818,99.67%,89.31,112.29,96.54,89.43,112.46,96.63,139.36,0.25,0.44,139.16000366210938,0.25,0.4399999976158142,2.517716348854587,60,180
142,4216,31.13,31.13,33.33,33.33,29.29,29.29,1.28,1.2799999713897705,2.3220685,1.6588964462280273,0.6375633,0.8644773364067078,99.83%,85.97,107.09,87.73,85.99,107.15,87.76,125.31,0.25,0.42,125.3499984741211,0.25,0.41999998688697815,2.6253232830853,60,180
143,5016,31.89,31.89,34.21,34.21,29.73,29.73,1.42,1.4199999570846558,1.8720684,1.650147795677185,1.0576385,1.0576385259628296,98.35%,94.3,114.97,104.01,94.6,115.4,104.21,148.85,0.21,0.45,148.1699981689453,0.20999999344348907,0.44999998807907104,3.6678629284944515,60,180
144,5036,32.51,32.51,34.93,34.93,30.65,30.65,1.31,1.309999942779541,1.7548122,1.6324619054794312,0.9524949,0.9524949193000793,99.86%,88.85,115.74,94.2,88.86,115.76,94.19,132.28,0.27,0.45,132.1999969482422,0.27000001072883606,0.44999998807907104,3.2597883228369176,60,180
145,5056,32.2,32.2,33.73,33.73,30.49,30.49,1.08,1.0800000429153442,1.4457277,1.4457277059555054,0.7739203,0.7739202976226807,100.00%,109.67,137.3,92.11,109.67,137.3,92.11,97.76,0.39,0.54,97.76000213623047,0.38999998569488525,0.5400000214576721,2.7715283567683335,60,180
146,5076,31.55,31.55,35.29,35.29,30.21,30.21,1.34,1.340000033378601,2.494992,1.6608022451400757,0.650686,0.8969133496284485,99.58%,85.77,107.49,91.92,85.93,107.72,92.06,137.05,0.26,0.42,136.77000427246094,0.25999999046325684,0.41999998688697815,2.7889430055448012,60,180
147,5096,32.58,32.55,38.25,37.61,30.29,30.29,1.27,1.2599999904632568,2.6194227,1.6639747619628906,0.5604933,0.7200188636779785,97.20%,86.77,107.37,87.32,87.4,108.7,87.94,125.03,0.26,0.42,122.04000091552734,0.27000001072883606,0.4300000071525574,2.6146665577146253,60,180
148,5116,33.24,32.96,42.89,37.13,31.05,31.05,1.38,1.2999999523162842,2.620693,1.6640359163284302,0.63044095,0.9323244094848633,90.33%,99.1,122.49,103.56,92.32,119.19,97.33,143.78,0.26,0.48,131.22999572753906,0.2800000011920929,0.4699999988079071,1.6837626085665631,60,180
149,5136,32.74,32.74,36.53,36.53,31.05,31.05,1.21,1.2100000381469727,1.9332052,1.6287956237792969,0.7018736,0.7795979380607605,99.83%,95.86,121.56,92.59,95.84,121.59,92.59,114.44,0.28,0.48,114.51000213623047,0.2800000011920929,0.47999998927116394,2.8814745721779746,60,180
150,5156,32.03,32.02,35.33,35.33,30.17,30.17,1.38,1.3600000143051147,2.6159477,1.6636024713516235,0.55138344,0.9293925166130066,96.47%,89.7,109.84,96.36,90.18,111.08,96.89,142.38,0.23,0.43,139.44000244140625,0.23000000417232513,0.4399999976158142,1.8515410531219378,60,180
151,5176,30.67,30.67,32.93,32.93,28.77,29.13,1.33,1.3300000429153442,2.5909803,1.649897575378418,0.48479208,0.9017036557197571,99.71%,86.29,110.97,92.49,86.35,111.1,92.55,135.36,0.28,0.44,135.22000122070312,0.2800000011920929,0.4399999976158142,2.648846054940081,60,180
152,5196,30.05,30.06,32.41,32.41,28.09,28.09,1.41,1.409999966621399,1.9649733,1.6485384702682495,0.98767775,0.9876777529716492,99.16%,95.71,115.51,104.31,96.1,116.01,104.7,146.21,0.21,0.45,145.77000427246094,0.20999999344348907,0.44999998807907104,2.81649453942996,60,180
153,5216,30.21,30.21,32.05,32.05,28.65,28.65,1.37,1.3700000047683716,1.663757,1.6286591291427612,1.0623442,1.0623441934585571,99.95%,87.21,110.46,95.36,87.24,110.5,95.39,140.99,0.24,0.43,140.9600067138672,0.23999999463558197,0.4300000071525574,2.6060891933918873,60,180
154,6016,30.21,30.21,32.93,32.93,28.21,28.41,1.43,1.4299999475479126,1.9272953,1.644219994544983,1.0168213,1.016821265220642,98.06%,90.92,114.99,103.79,91.25,115.51,104.03,152.68,0.24,0.45,151.92999267578125,0.23999999463558197,0.44999998807907104,2.6754878683667673,60,180
155,6036,29.6,29.6,32.01,32.01,28.45,28.45,1.31,1.309999942779541,1.7793554,1.649897575378418,0.90844303,0.9301338195800781,99.78%,89.86,111.33,93.83,90.01,111.51,93.97,130.8,0.24,0.44,130.66000366210938,0.23999999463558197,0.4399999976158142,2.782574962335496,60,180
156,6056,30.69,30.68,33.05,33.05,29.01,29.01,1.3,1.2999999523162842,2.1012008,1.6624054908752441,0.90802,0.90802001953125,99.03%,93.94,118.87,97.91,94.51,119.62,98.42,130.88,0.27,0.47,130.1300048828125,0.27000001072883606,0.4699999988079071,2.248309133081317,60,180
157,6076,32.95,32.95,36.53,36.37,31.05,31.05,1.38,1.3799999952316284,2.615594,1.6607145071029663,0.6348978,0.939281165599823,99.37%,99.98,124.03,109.04,99.92,124.11,109.03,142.57,0.24,0.49,142.77999877929688,0.23999999463558197,0.49000000953674316,2.103663580184236,60,180
158,6096,35.13,35.1,38.97,38.25,33.05,33.05,1.32,1.3200000524520874,2.5963056,1.6610527038574219,0.5875245,0.8199663162231445,98.54%,97.01,120.39,101.72,96.93,120.74,101.9,130.66,0.22,0.47,131.35000610351562,0.2199999988079071,0.4699999988079071,2.7125264870331356,60,180
159,6116,34.32,34.32,36.05,36.05,32.73,32.73,1.34,1.340000033378601,1.611447,1.6114469766616821,0.9987088,0.9987087845802307,100.00%,106.39,138.3,115.34,106.39,138.3,115.34,137.31,0.25,0.54,137.30999755859375,0.25,0.5400000214576721,2.9320290376559304,60,180
160,6136,32.91,32.91,35.37,35.37,31.49,31.49,1.4,1.399999976158142,1.7125044,1.6327667236328125,0.9998667,0.9998667240142822,99.22%,83.42,110.71,96.91,83.42,110.77,96.85,150.24,0.29,0.43,149.9600067138672,0.28999999165534973,0.4300000071525574,2.2544172561596305,60,180
161,6156,32.77,32.77,34.53,34.53,31.37,31.37,1.4,1.399999976158142,1.6318221,1.6280945539474487,1.0302466,1.030246615409851,99.99%,91.31,118.83,104.88,91.31,118.83,104.88,149.28,0.27,0.47,149.27999877929688,0.27000001072883606,0.4699999988079071,2.196325106882905,60,180
162,6176,33.12,33.12,35.33,35.33,31.57,31.57,1.4,1.399999976158142,1.6137419,1.6137418746948242,1.0302466,1.030246615409851,99.97%,100.44,129.05,113.71,100.44,129.06,113.71,147.68,0.25,0.51,147.6699981689453,0.25,0.5099999904632568,2.2195879586066942,60,180
163,6196,34.57,34.57,36.81,36.81,32.33,32.33,1.43,1.4199999570846558,1.6892613,1.6428886651992798,0.6474262,0.9790846705436707,98.96%,91.66,120.77,107.88,91.45,120.63,107.58,153.38,0.28,0.47,153.1199951171875,0.2800000011920929,0.4699999988079071,2.687444194392402,60,180
164,6216,36.74,36.73,38.73,38.73,35.17,35.17,1.43,1.4299999475479126,1.6816497,1.6318610906600952,1.0713569,1.0713568925857544,98.66%,86.4,113.96,102.21,86.42,114.07,102.12,154.9,0.28,0.45,154.47999572753906,0.2800000011920929,0.44999998807907104,2.179040418171933,60,180
